{"metaData":{"timeStamp":1616884061975,"numOfTests":3,"title":"async generator vs promise"},"results":[{"isFastest":false,"name":"WithGeneratorTracker","opsSec":3614.6150374749095,"timeToOnce":0.0002766546339326298,"errMargin":2.424252561886379,"runs":83},{"isFastest":true,"name":"WithPromiseChunk","opsSec":12720.216580858076,"timeToOnce":0.00007861501363937802,"errMargin":13.21175047392424,"runs":65},{"isFastest":true,"name":"WithAsyncGenerator","opsSec":12800.8825299434,"timeToOnce":0.00007811961383606428,"errMargin":13.014735369852149,"runs":76}]}