{"metaData":{"timeStamp":1616820920448,"numOfTests":3,"title":"async generator vs promise"},"results":[{"isFastest":true,"name":"WithPromiseChunk","opsSec":18784.11219602604,"errMargin":9.125946904388064,"runs":72},{"isFastest":true,"name":"WithAsyncGenerator","opsSec":16052.65080060259,"errMargin":23.802779516613054,"runs":73},{"isFastest":false,"name":"WithGeneratorTracker","opsSec":4234.659252768076,"errMargin":0.7213353083724575,"runs":88}]}